<?xml version="1.0" encoding="UTF-8"?>
<beans xsi:schemaLocation="http://www.springframework.org/schema/aop http://www.springframework.org/schema/aop/spring-aop-3.2.xsd http://www.springframework.org/schema/beans http://www.springframework.org/schema/beans/spring-beans-3.2.xsd http://www.springframework.org/schema/context http://www.springframework.org/schema/context/spring-context-3.2.xsd http://www.springframework.org/schema/jee http://www.springframework.org/schema/jee/spring-jee-3.2.xsd http://www.springframework.org/schema/tx http://www.springframework.org/schema/tx/spring-tx-3.2.xsd http://www.springframework.org/schema/task http://www.springframework.org/schema/task/spring-task-3.2.xsd" xmlns:task="http://www.springframework.org/schema/task" xmlns:tx="http://www.springframework.org/schema/tx" xmlns:jee="http://www.springframework.org/schema/jee" xmlns:context="http://www.springframework.org/schema/context" xmlns:aop="http://www.springframework.org/schema/aop" xmlns:p="http://www.springframework.org/schema/p" xmlns:xsi="http://www.w3.org/2001/XMLSchema-instance" xmlns="http://www.springframework.org/schema/beans">

<bean id="item1" class="com.truyum.model.MenuItem" > 
<property name="id" value="001" /> 
<property name="name" value="Pizza" /> 
<property name="price" value="99" /> 
<property name="active" value="yes" /> 
<property name="dateOfLaunch" value="22/12/2019" /> 
<property name="category" value="MainCourse" /> 
<property name="freeDelivery" value="yes" /> 
</bean> 

<bean id="item2" class="com.truyum.model.MenuItem" > 
<property name="id" value="011" /> 
<property name="name" value="Sandwich" /> 
<property name="price" value="35" /> 
<property name="active" value="yes" /> 
<property name="dateOfLaunch" value="15/12/2019" /> 
<property name="category" value="Starter" /> 
<property name="freeDelivery" value="yes" /> 
</bean> 

<bean id="item3" class="com.truyum.model.MenuItem" > 
<property name="id" value="052" /> 
<property name="name" value="French Fries" /> 
<property name="price" value="25" /> 
<property name="active" value="yes" /> 
<property name="dateOfLaunch" value="17/12/2019" /> 
<property name="category" value="Starter" /> 
<property name="freeDelivery" value="yes" /> 
</bean> 

<bean id="itemList" class="java.util.LinkedHashSet"> 
<constructor-arg> 
<list> 
<ref bean="item1"></ref> 
<ref bean="item2"></ref>
<ref bean="item3"></ref> 
</list>
</constructor-arg> 
</bean> 








</beans>