<?xml version="1.0" encoding="UTF-8"?>
<beans xsi:schemaLocation="http://www.springframework.org/schema/aop http://www.springframework.org/schema/aop/spring-aop-3.2.xsd http://www.springframework.org/schema/beans http://www.springframework.org/schema/beans/spring-beans-3.2.xsd http://www.springframework.org/schema/context http://www.springframework.org/schema/context/spring-context-3.2.xsd http://www.springframework.org/schema/jee http://www.springframework.org/schema/jee/spring-jee-3.2.xsd http://www.springframework.org/schema/tx http://www.springframework.org/schema/tx/spring-tx-3.2.xsd http://www.springframework.org/schema/task http://www.springframework.org/schema/task/spring-task-3.2.xsd" xmlns:task="http://www.springframework.org/schema/task" xmlns:tx="http://www.springframework.org/schema/tx" xmlns:jee="http://www.springframework.org/schema/jee" xmlns:context="http://www.springframework.org/schema/context" xmlns:aop="http://www.springframework.org/schema/aop" xmlns:p="http://www.springframework.org/schema/p" xmlns:xsi="http://www.w3.org/2001/XMLSchema-instance" xmlns="http://www.springframework.org/schema/beans">

<bean id="movie1" class="com.movie.model.MovieList" > 
<property name="id" value="12" /> 
<property name="name" value="Theri" /> 
<property name="BoxOffice" value="45000.00" /> 
<property name="active" value="yes" /> 
<property name="dateOfRelease" value="22/12/2019" /> 
<property name="category" value="SuperHero" /> 
</bean> 

<bean id="movie2" class="com.movie.model.MovieList" > 
<property name="id" value="1" /> 
<property name="name" value="Avengers" /> 
<property name="BoxOffice" value="40000.00" /> 
<property name="active" value="no" /> 
<property name="dateOfRelease" value="20/12/2019" /> 
<property name="category" value="Adventure" /> 
</bean> 

<bean id="movie3" class="com.movie.model.MovieList" > 
<property name="id" value="50" /> 
<property name="name" value="Mersal" /> 
<property name="BoxOffice" value="75000.00" /> 
<property name="active" value="yes" /> 
<property name="dateOfRelease" value="14/2/2019" /> 
<property name="category" value="SuperHero" /> 
</bean> 

<bean id="movie4" class="com.movie.model.MovieList" > 
<property name="id" value="13" /> 
<property name="name" value="Enthiran" /> 
<property name="BoxOffice" value="100000.00" /> 
<property name="active" value="no" /> 
<property name="dateOfRelease" value="22/5/2019" /> 
<property name="category" value="Technology" /> 
</bean> 

<bean id="movie5" class="com.movie.model.MovieList" > 
<property name="id" value="8" /> 
<property name="name" value="Master" /> 
<property name="BoxOffice" value="85000.00" /> 
<property name="active" value="yes" /> 
<property name="dateOfRelease" value="3/12/2019" /> 
<property name="category" value="SuperHero" /> 
</bean> 

<bean id="itemList" class="java.util.LinkedHashSet"> 
<constructor-arg> 
<set> 
<ref bean="movie1"></ref> 
<ref bean="movie2"></ref> 
<ref bean="movie3"></ref> 
<ref bean="movie4"></ref> 
<ref bean="movie5"></ref> 

</set>
</constructor-arg> 
</bean> 








</beans>