<?xml version="1.0" encoding="UTF-8"?>
<beans xsi:schemaLocation="http://www.springframework.org/schema/aop http://www.springframework.org/schema/aop/spring-aop-3.2.xsd http://www.springframework.org/schema/beans http://www.springframework.org/schema/beans/spring-beans-3.2.xsd http://www.springframework.org/schema/context http://www.springframework.org/schema/context/spring-context-3.2.xsd http://www.springframework.org/schema/jee http://www.springframework.org/schema/jee/spring-jee-3.2.xsd http://www.springframework.org/schema/tx http://www.springframework.org/schema/tx/spring-tx-3.2.xsd http://www.springframework.org/schema/task http://www.springframework.org/schema/task/spring-task-3.2.xsd" xmlns:task="http://www.springframework.org/schema/task" xmlns:tx="http://www.springframework.org/schema/tx" xmlns:jee="http://www.springframework.org/schema/jee" xmlns:context="http://www.springframework.org/schema/context" xmlns:aop="http://www.springframework.org/schema/aop" xmlns:p="http://www.springframework.org/schema/p" xmlns:xsi="http://www.w3.org/2001/XMLSchema-instance" xmlns="http://www.springframework.org/schema/beans">

<bean id="dep1" class="com.rest.handson.Department" scope="prototype"> 
<property name="id" value="101" /> 
<property name="name" value="IT" /> 
</bean> 

<bean id="dep2" class="com.rest.handson.Department" scope="prototype"> 
<property name="id" value="102" /> 
<property name="name" value="CSE" /> 
</bean> 

<bean id="dep3" class="com.rest.handson.Department" scope="prototype"> 
<property name="id" value="103" /> 
<property name="name" value="EEE" /> 
</bean> 

<bean id="depList" class="java.util.ArrayList"> 
<constructor-arg> 
<list> 
<ref bean="dep1"></ref> 
<ref bean="dep2"></ref>
<ref bean="dep3"></ref> 
</list>
</constructor-arg> 
</bean> 








</beans>