<?xml version="1.0" encoding="UTF-8"?>
<beans xsi:schemaLocation="http://www.springframework.org/schema/aop http://www.springframework.org/schema/aop/spring-aop-3.2.xsd http://www.springframework.org/schema/beans http://www.springframework.org/schema/beans/spring-beans-3.2.xsd http://www.springframework.org/schema/context http://www.springframework.org/schema/context/spring-context-3.2.xsd http://www.springframework.org/schema/jee http://www.springframework.org/schema/jee/spring-jee-3.2.xsd http://www.springframework.org/schema/tx http://www.springframework.org/schema/tx/spring-tx-3.2.xsd http://www.springframework.org/schema/task http://www.springframework.org/schema/task/spring-task-3.2.xsd" xmlns:task="http://www.springframework.org/schema/task" xmlns:tx="http://www.springframework.org/schema/tx" xmlns:jee="http://www.springframework.org/schema/jee" xmlns:context="http://www.springframework.org/schema/context" xmlns:aop="http://www.springframework.org/schema/aop" xmlns:p="http://www.springframework.org/schema/p" xmlns:xsi="http://www.w3.org/2001/XMLSchema-instance" xmlns="http://www.springframework.org/schema/beans">

<bean id="object" class="com.rest.model.country" scope="prototype"> 
<property name="code" value="CN" /> 
<property name="name" value="china" /> 
</bean> 

<bean id="in" class="com.rest.model.country" scope="prototype"> 
<property name="code" value="IN" /> 
<property name="name" value="India" /> 
</bean> 

<bean id="uk" class="com.rest.model.country" scope="prototype"> 
<property name="code" value="UK" /> 
<property name="name" value="Russia" /> 
</bean> 

<bean id="us" class="com.rest.model.country" scope="prototype"> 
<property name="code" value="US" /> 
<property name="name" value="America" /> 
</bean> 

<bean id="countryList" class="java.util.ArrayList"> 
<constructor-arg> 
<list> 
<ref bean="in"></ref> 
<ref bean="us"></ref>
<ref bean="uk"></ref> 
</list>
</constructor-arg> 
</bean> 








</beans>