<?xml version="1.0" encoding="UTF-8"?>
<beans xsi:schemaLocation="http://www.springframework.org/schema/aop http://www.springframework.org/schema/aop/spring-aop-3.2.xsd http://www.springframework.org/schema/beans http://www.springframework.org/schema/beans/spring-beans-3.2.xsd http://www.springframework.org/schema/context http://www.springframework.org/schema/context/spring-context-3.2.xsd http://www.springframework.org/schema/jee http://www.springframework.org/schema/jee/spring-jee-3.2.xsd http://www.springframework.org/schema/tx http://www.springframework.org/schema/tx/spring-tx-3.2.xsd http://www.springframework.org/schema/task http://www.springframework.org/schema/task/spring-task-3.2.xsd" xmlns:task="http://www.springframework.org/schema/task" xmlns:tx="http://www.springframework.org/schema/tx" xmlns:jee="http://www.springframework.org/schema/jee" xmlns:context="http://www.springframework.org/schema/context" xmlns:aop="http://www.springframework.org/schema/aop" xmlns:p="http://www.springframework.org/schema/p" xmlns:xsi="http://www.w3.org/2001/XMLSchema-instance" xmlns="http://www.springframework.org/schema/beans">

<bean id="movie1" class="com.movie.model.Movies" > 
<property name="id" value="1" /> 
<property name="name" value="Homeocoming" /> 
<property name="BoxOffice" value="500000000" /> 
<property name="active" value="yes" /> 
<property name="dateOfRelease" value="05/11/2019" /> 
<property name="category" value="Action" /> 
</bean> 

<bean id="movie2" class="com.movie.model.Movies" > 
<property name="id" value="2" /> 
<property name="name" value="MS Dhoni" /> 
<property name="BoxOffice" value="30000000" /> 
<property name="active" value="no" /> 
<property name="dateOfRelease" value="05/11/2016" /> 
<property name="category" value="Sports" /> 
</bean> 


<bean id="itemList" class="java.util.LinkedHashSet"> 
<constructor-arg> 
<set> 
<ref bean="movie1"></ref> 
<ref bean="movie2"></ref> 
</set>
</constructor-arg> 
</bean> 








</beans>