<?xml version="1.0" encoding="UTF-8"?>
<beans xsi:schemaLocation="http://www.springframework.org/schema/aop http://www.springframework.org/schema/aop/spring-aop-3.2.xsd http://www.springframework.org/schema/beans http://www.springframework.org/schema/beans/spring-beans-3.2.xsd http://www.springframework.org/schema/context http://www.springframework.org/schema/context/spring-context-3.2.xsd http://www.springframework.org/schema/jee http://www.springframework.org/schema/jee/spring-jee-3.2.xsd http://www.springframework.org/schema/tx http://www.springframework.org/schema/tx/spring-tx-3.2.xsd http://www.springframework.org/schema/task http://www.springframework.org/schema/task/spring-task-3.2.xsd" xmlns:task="http://www.springframework.org/schema/task" xmlns:tx="http://www.springframework.org/schema/tx" xmlns:jee="http://www.springframework.org/schema/jee" xmlns:context="http://www.springframework.org/schema/context" xmlns:aop="http://www.springframework.org/schema/aop" xmlns:p="http://www.springframework.org/schema/p" xmlns:xsi="http://www.w3.org/2001/XMLSchema-instance" xmlns="http://www.springframework.org/schema/beans">

<bean id="emp1" class="com.handson.Employee" scope="prototype"> 
<property name="id" value="1" /> 
<property name="name" value="Vijay" /> 
</bean> 

<bean id="emp2" class="com.handson.Employee" scope="prototype"> 
<property name="id" value="2" /> 
<property name="name" value="Kumar" /> 
</bean> 

<bean id="emp3" class="com.handson.Employee" scope="prototype"> 
<property name="id" value="3" /> 
<property name="name" value="Ajay" /> 
</bean> 

<bean id="employeeList" class="java.util.ArrayList"> 
<constructor-arg> 
<list> 
<ref bean="emp1"></ref> 
<ref bean="emp2"></ref>
<ref bean="emp3"></ref> 
</list>
</constructor-arg> 
</bean> 








</beans>